title,category,subCategory,image,price,description,brand,brandCategory
Enterprise license,Широкая сеть (WAN),Сотовая сеть (MG),https://meraki.cisco.com/wp-content/uploads/2023/09/300ppi-enterprise-license.png,226.0,Требуется для каждого устройства MG для облачного управления сетью и круглосуточной поддержки,Meraki,Шлюзы
MG52,Широкая сеть (WAN),Сотовая сеть (MG),https://meraki.cisco.com/wp-content/uploads/2024/05/MG52-header-774x350-1.png,1950.0,Автономный сотовый шлюз 5G (SA) с облачным управлением и пропускной способностью до 2 Гбит/с.,Meraki,Шлюзы
MG52E,Широкая сеть (WAN),Сотовая сеть (MG),https://meraki.cisco.com/wp-content/uploads/2024/05/MG52E-header-graphic-774x350-1.png,2150.0,Автономный сотовый шлюз 5G (SA) с облачным управлением и пропускной способностью до 2 Гбит/с.,Meraki,Шлюзы
MG21,Широкая сеть (WAN),Сотовая сеть (MG),https://meraki.cisco.com/wp-content/uploads/2023/09/mg21-wireless-wan-product-tile.png,1083.0,Сотовая связь Cat 6 с классом защиты IP67 и встроенными антеннами,Meraki,Шлюзы
MG21E,Широкая сеть (WAN),Сотовая сеть (MG),https://meraki.cisco.com/wp-content/uploads/2023/09/mg21e-wireless-wan-product-tile.png,1207.0,Сотовая связь Cat 6 с классом защиты IP67 и внешними антеннами,Meraki,Шлюзы
MG41,Широкая сеть (WAN),Сотовая сеть (MG),https://meraki.cisco.com/wp-content/uploads/2023/09/mg41-wireless-wan-product-tile.png,1532.0,"Сотовая связь Cat 18 с классом защиты IP67, встроенными антеннами и двумя слотами для SIM-карт",Meraki,Шлюзы
MG41E,Широкая сеть (WAN),Сотовая сеть (MG),https://meraki.cisco.com/wp-content/uploads/2023/09/mg41e-wireless-wan-product-tile.png,1651.0,"Сотовая связь Cat 18 с классом защиты IP67, внешними антеннами и двумя слотами для SIM-карт",Meraki,Шлюзы
MG51,Широкая сеть (WAN),Сотовая сеть (MG),https://meraki.cisco.com/wp-content/uploads/2023/09/mg41-wireless-wan-product-tile.png,2295.0,Облачно-управляемый сотовый шлюз 5G sub-6 с пропускной способностью до 2 Гбит/с,Meraki,Шлюзы
MG51E,Широкая сеть (WAN),Сотовая сеть (MG),https://meraki.cisco.com/wp-content/uploads/2023/02/MG51e-product-tile.png,2295.0,Улучшенный сотовый шлюз 5G sub-6 с облачным управлением и пропускной способностью до 2 Гбит/с.,Meraki,Шлюзы
Systems Manager,Доступ,Mobile Device Management (SM),https://meraki.cisco.com/wp-content/uploads/2023/09/mobile-device-management-sm-300ppi-sm-license.png,40.0,Управляйте и защищайте мобильные устройства с легкостью,Meraki,Другое
Enterprise license,Интернет вещей,Датчики (MT),https://meraki.cisco.com/wp-content/uploads/2023/09/300ppi-enterprise-license.png,0.0,Требуется для каждого устройства MT для облачного управления сетью и круглосуточной поддержки,Meraki,Датчики
MT14,Интернет вещей,Датчики (MT),https://meraki.cisco.com/wp-content/uploads/2023/09/mt14-sensors-product-tile.png,250.0,Датчик качества воздуха в помещении,Meraki,Датчики
MT15,Интернет вещей,Датчики (MT),https://meraki.cisco.com/wp-content/uploads/2023/07/MT15-product-hero-light.png,500.0,Датчик качества воздуха в помещении и CO2,Meraki,Датчики
MT10,Интернет вещей,Датчики (MT),https://meraki.cisco.com/wp-content/uploads/2023/09/mt10-sensors-product-tile.png,150.0,Датчик температуры и влажности в помещении,Meraki,Датчики
MT11,Интернет вещей,Датчики (MT),https://meraki.cisco.com/wp-content/uploads/2023/09/mt11-sensors-product-tile.png,150.0,Датчик температуры в помещении,Meraki,Датчики
MT12,Интернет вещей,Датчики (MT),https://meraki.cisco.com/wp-content/uploads/2023/09/mt12-sensors-product-tile.png,150.0,Датчик утечки воды в помещении,Meraki,Датчики
MT20,Интернет вещей,Датчики (MT),https://meraki.cisco.com/wp-content/uploads/2023/09/mt20-sensors-product-tile.png,150.0,Датчик открытия/закрытия внутренней двери,Meraki,Датчики
MT30,Интернет вещей,Датчики (MT),https://meraki.cisco.com/wp-content/uploads/2023/09/mt30-sensors-product-tile.png,150.0,Кнопка интеллектуальной автоматизации для внутреннего и наружного использования,Meraki,Датчики
MT40,Интернет вещей,Датчики (MT),https://meraki.cisco.com/wp-content/uploads/2023/05/mt40-hero-product-tile-e1697068089549.png,250.0,Умный контроллер питания,Meraki,Датчики
Advanced Security License,Широкая сеть (WAN),Безопасность и SD-WAN (MX),https://meraki.cisco.com/wp-content/uploads/2023/09/300ppi-advanced-license.png,0.0,"Все функции корпоративной лицензии плюс полнофункциональное унифицированное управление угрозами, разработанное Cisco",Meraki,Маршрутизаторы
Enterprise License,Широкая сеть (WAN),Безопасность и SD-WAN (MX),https://meraki.cisco.com/wp-content/uploads/2023/09/300ppi-enterprise-license.png,0.0,Безопасное подключение SD-WAN и базовая корпоративная безопасность,Meraki,Маршрутизаторы
Power cord,Широкая сеть (WAN),Безопасность и SD-WAN (MX),https://meraki.cisco.com/wp-content/uploads/2023/09/switching-ms-accessories-ma-cbl-spwr-150cm.png,24.0,Кабель питания переменного тока для MX и MS,Meraki,Маршрутизаторы
Secure SD-WAN Plus License,Широкая сеть (WAN),Безопасность и SD-WAN (MX),https://meraki.cisco.com/wp-content/uploads/2023/09/300ppi-secure-sd-wan-plus-license.png,0.0,Все расширенные функции лицензии безопасности плюс расширенная аналитика WAN с машинным обучением для высококачественного SaaS,Meraki,Маршрутизаторы
Teleworker Analytics License,Широкая сеть (WAN),Безопасность и SD-WAN (MX),https://meraki.cisco.com/wp-content/uploads/2023/09/300ppi-teleworker-analytics-license.png,0.0,"Дополнительная лицензия для шлюзов Z3 для удаленных работников, обеспечивающая глубокий обзор производительности SaaS-приложений",Meraki,Маршрутизаторы
vMX – Large,Широкая сеть (WAN),Безопасность и SD-WAN (MX),https://meraki.cisco.com/wp-content/uploads/2022/01/vmx-large-security-sdwan-product-tile.png,5000.0,Виртуальное устройство MX с пропускной способностью VPN 1 Гбит/с,Meraki,Маршрутизаторы
vMX – Medium,Широкая сеть (WAN),Безопасность и SD-WAN (MX),https://meraki.cisco.com/wp-content/uploads/2022/01/vmx-medium-security-sdwan-product-tile.png,2500.0,Виртуальное устройство MX с пропускной способностью VPN 500 Мбит/с,Meraki,Маршрутизаторы
MX67C,Широкая сеть (WAN),Безопасность и SD-WAN (MX),https://meraki.cisco.com/wp-content/uploads/2023/09/MX67C-security-sdwan-product-tile.png,1657.0,Безопасность и устройство SD-WAN со встроенной сотовой связью,Meraki,Маршрутизаторы
MX67W,Широкая сеть (WAN),Безопасность и SD-WAN (MX),https://meraki.cisco.com/wp-content/uploads/2023/09/MX67W-security-sdwan-product-tile.png,1272.0,Безопасность и устройство SD-WAN с Wi-Fi 802.11ac,Meraki,Маршрутизаторы
MX67,Широкая сеть (WAN),Безопасность и SD-WAN (MX),https://meraki.cisco.com/wp-content/uploads/2023/09/MX67-security-sdwan-product-tile.png,823.0,Безопасность и устройство SD-WAN,Meraki,Маршрутизаторы
MX105,Широкая сеть (WAN),Безопасность и SD-WAN (MX),https://meraki.cisco.com/wp-content/uploads/2023/09/mx105-security-sdwan-product-tile.png,8866.0,Строительный блок SASE для крупных филиалов,Meraki,Маршрутизаторы
MX250,Широкая сеть (WAN),Безопасность и SD-WAN (MX),https://meraki.cisco.com/wp-content/uploads/2023/09/mx250-security-sdwan-product-tile.png,13125.0,Безопасность и устройство SD-WAN,Meraki,Маршрутизаторы
MX450,Широкая сеть (WAN),Безопасность и SD-WAN (MX),https://meraki.cisco.com/wp-content/uploads/2023/09/mx450-security-sdwan-product-tile.png,26255.0,Безопасность и устройство SD-WAN,Meraki,Маршрутизаторы
MX68,Широкая сеть (WAN),Безопасность и SD-WAN (MX),https://meraki.cisco.com/wp-content/uploads/2023/09/MX68-security-sdwan-product-tile.png,1177.0,Безопасность и устройство SD-WAN,Meraki,Маршрутизаторы
MX68CW,Широкая сеть (WAN),Безопасность и SD-WAN (MX),https://meraki.cisco.com/wp-content/uploads/2023/09/MX68CW-security-sdwan-product-tile.png,2295.0,Безопасность и устройство SD-WAN со встроенным сотовым и Wi-Fi 802.11ac,Meraki,Маршрутизаторы
MX68W,Широкая сеть (WAN),Безопасность и SD-WAN (MX),https://meraki.cisco.com/wp-content/uploads/2023/09/MX68W-security-sdwan-product-tile.png,1657.0,Маршрутизатор/устройство безопасности с 802.11ac,Meraki,Маршрутизаторы
MX75,Широкая сеть (WAN),Безопасность и SD-WAN (MX),https://meraki.cisco.com/wp-content/uploads/2023/09/MX75-security-sdwan-product-tile.png,2360.0,Флагманский строительный блок SASE для небольших филиалов,Meraki,Маршрутизаторы
MX85,Широкая сеть (WAN),Безопасность и SD-WAN (MX),https://meraki.cisco.com/wp-content/uploads/2023/09/mx85-security-sdwan-product-tile.png,2952.0,Малое и среднее филиальное устройство для 250 пользователей,Meraki,Маршрутизаторы
MX95,Широкая сеть (WAN),Безопасность и SD-WAN (MX),https://meraki.cisco.com/wp-content/uploads/2023/09/mx95-security-sdwan-product-tile.png,5909.0,,Meraki,Маршрутизаторы
vMX – Small,Широкая сеть (WAN),Безопасность и SD-WAN (MX),https://meraki.cisco.com/wp-content/uploads/2022/01/vmx-small-security-sdwan-product-tile.png,500.0,Виртуальное устройство MX с пропускной способностью VPN 200 Мбит/с,Meraki,Маршрутизаторы
Z3 Vertical Desktop Stand,Широкая сеть (WAN),Безопасность и SD-WAN (MX),https://meraki.cisco.com/wp-content/uploads/2023/09/z3-vertical-desktop-stand-sdwan-teleworker-product-tile.png,56.0,"Вертикальная подставка, экономящая место",Meraki,Маршрутизаторы
MV13,Интернет вещей,Умные Камеры (MV),https://meraki.cisco.com/wp-content/uploads/2024/01/MV13-hero-product-tile.png,1299.0,"Внутренняя мини-купольная камера с фиксированным объективом, полем зрения 101,3° и ночным видением до 15 м",Meraki,Камеры
MV13M,Интернет вещей,Умные Камеры (MV),https://meraki.cisco.com/wp-content/uploads/2024/01/MV13-hero-product-tile.png,1299.0,Внутренняя мини-купольная камера с фиксированным объективом и памятью 512 ГБ,Meraki,Камеры
MV33,Интернет вещей,Умные Камеры (MV),https://meraki.cisco.com/wp-content/uploads/2024/01/hero-product-image-e1706205147532.png,1649.0,Внутренняя камера Fisheye с обзором 360° и памятью 256 ГБ,Meraki,Камеры
MV33M,Интернет вещей,Умные Камеры (MV),https://meraki.cisco.com/wp-content/uploads/2024/01/hero-product-image-e1706205147532.png,1599.0,Внутренняя камера Fisheye с обзором 360° и памятью 512 ГБ,Meraki,Камеры
Mounting plate replacement kit,Интернет вещей,Умные Камеры (MV),https://meraki.cisco.com/wp-content/uploads/2023/09/MA-MNT-MV-18.png,99.0,Комплект для замены монтажной пластины для смарт-камер MV третьего поколения,Meraki,Камеры
Wall-mount L-bracket,Интернет вещей,Умные Камеры (MV),https://meraki.cisco.com/wp-content/uploads/2023/09/MV-smart-cameras-wall-mount-arm-bracket-for-MV63-and-MV93-serie-cameras-product-tile.png,249.0,Настенный L-образный кронштейн для смарт-камер MV третьего поколения,Meraki,Камеры
Conduit back box,Интернет вещей,Умные Камеры (MV),https://meraki.cisco.com/wp-content/uploads/2023/09/conduit-back-box-smart-cameras-product-tile.png,116.52,Совместимо с настенным кронштейном для MV72/MV72X и с настенным кронштейном третьего поколения,Meraki,Камеры
Corner Mount,Интернет вещей,Умные Камеры (MV),https://meraki.cisco.com/wp-content/uploads/2022/12/MA-MNT-MV-88.png,249.0,Угловое крепление для смарт-камер MV третьего поколения,Meraki,Камеры
MV12N,Интернет вещей,Умные Камеры (MV),https://meraki.cisco.com/wp-content/uploads/2023/09/mv12n-smart-cameras-product-tile.png,1349.0,Купольная мини-камера HD с узким углом обзора MV12 — память 256 ГБ,Meraki,Камеры
MV12W,Интернет вещей,Умные Камеры (MV),https://meraki.cisco.com/wp-content/uploads/2023/09/mv12w-smart-cameras-product-tile.png,1349.0,Широкоугольная мини-купольная HD-камера MV12 — память 256 ГБ,Meraki,Камеры
MV12WE,Интернет вещей,Умные Камеры (MV),https://meraki.cisco.com/wp-content/uploads/2023/09/mv12we-smart-cameras-product-tile.png,1149.0,Широкоугольная мини-купольная HD-камера MV12 — 128 ГБ памяти,Meraki,Камеры
MV2,Интернет вещей,Умные Камеры (MV),https://meraki.cisco.com/wp-content/uploads/2023/09/mv2-smart-cameras-product-tile.png,799.0,Внутренняя HD-камера с фиксированным объективом и гибким объективом,Meraki,Камеры
MV23M,Интернет вещей,Умные Камеры (MV),https://meraki.cisco.com/wp-content/uploads/2024/08/hero-product-tile-MV23.png,1899.0,Камера для помещений с вариофокальным объективом и памятью 512 ГБ,Meraki,Камеры
MV23X,Интернет вещей,Умные Камеры (MV),https://meraki.cisco.com/wp-content/uploads/2024/08/hero-product-tile-MV23.png,2399.0,Внутренняя камера с вариофокальным объективом и памятью 1 ТБ,Meraki,Камеры
MV22,Интернет вещей,Умные Камеры (MV),https://meraki.cisco.com/wp-content/uploads/2023/09/mv22-smart-cameras-product-tile.png,1799.0,Внутренняя HD-камера с фиксированным объективом и гибким объективом,Meraki,Камеры
MV22X,Интернет вещей,Умные Камеры (MV),https://meraki.cisco.com/wp-content/uploads/2023/09/mv22-smart-cameras-product-tile.png,2199.0,Внутренняя купольная камера с вариофокальным фокусным расстоянием — память 512 ГБ,Meraki,Камеры
MV32,Интернет вещей,Умные Камеры (MV),https://meraki.cisco.com/wp-content/uploads/2023/09/mv32-smart-cameras-product-tile.png,1649.0,360-градусная камера MV32 «рыбий глаз» — 256 ГБ памяти,Meraki,Камеры
MV52,Интернет вещей,Умные Камеры (MV),https://meraki.cisco.com/wp-content/uploads/2021/12/mv52-smart-cameras-product-tile.png,3899.0,Сверхдальнобойная телефотокамера-пуля,Meraki,Камеры
MV63M,Интернет вещей,Умные Камеры (MV),https://meraki.cisco.com/wp-content/uploads/2022/09/MV63-react-outdoor-smart-cameras-product-tile-1.png,1599.0,Уличная широкоугольная мини-купольная камера с фиксированным объективом и памятью 512 ГБ,Meraki,Камеры
MV63,Интернет вещей,Умные Камеры (MV),https://meraki.cisco.com/wp-content/uploads/2022/09/MV63-react-outdoor-smart-cameras-product-tile-1.png,1599.0,Уличная широкоугольная мини-купольная камера с фиксированным объективом и встроенной памятью объемом 256 ГБ,Meraki,Камеры
MV63X,Интернет вещей,Умные Камеры (MV),https://meraki.cisco.com/wp-content/uploads/2022/09/MV63-react-outdoor-smart-cameras-product-tile-1.png,2499.0,Уличная широкоугольная мини-купольная камера с фиксированным объективом и встроенной памятью объемом 1 ТБ,Meraki,Камеры
MV72,Интернет вещей,Умные Камеры (MV),https://meraki.cisco.com/wp-content/uploads/2023/09/mv72-smart-cameras-product-tile.png,1999.0,Варифокальная наружная купольная HD-камера - 256 ГБ памяти,Meraki,Камеры
MV73X,Интернет вещей,Умные Камеры (MV),https://meraki.cisco.com/wp-content/uploads/2024/08/hero-product-tile-mv73x-1.png,2799.0,Наружная камера с вариофокальным объективом и памятью 1 ТБ,Meraki,Камеры
MV73M,Интернет вещей,Умные Камеры (MV),https://meraki.cisco.com/wp-content/uploads/2024/08/hero-product-tile-mv73x-1.png,2199.0,Наружная камера с вариофокальным объективом и памятью 512 ГБ,Meraki,Камеры
MV72X,Интернет вещей,Умные Камеры (MV),https://meraki.cisco.com/wp-content/uploads/2023/09/mv72x-smart-cameras-product-tile.png,2399.0,Варифокальная наружная купольная HD-камера - 512 ГБ памяти,Meraki,Камеры
MV93M,Интернет вещей,Умные Камеры (MV),https://meraki.cisco.com/wp-content/uploads/2022/09/MV93-react-outdoor-smart-cameras-product-tile-1.png,1999.0,Наружная камера «рыбий глаз» с памятью 512 ГБ,Meraki,Камеры
MV93,Интернет вещей,Умные Камеры (MV),https://meraki.cisco.com/wp-content/uploads/2022/09/MV93-react-outdoor-smart-cameras-product-tile-1.png,1999.0,Наружная камера с объективом типа «рыбий глаз» и встроенной памятью объемом 256 ГБ,Meraki,Камеры
MV93X,Интернет вещей,Умные Камеры (MV),https://meraki.cisco.com/wp-content/uploads/2022/09/MV93-react-outdoor-smart-cameras-product-tile-1.png,2899.0,Наружная камера с объективом типа «рыбий глаз» и встроенной памятью объемом 1 ТБ,Meraki,Камеры
Pole Mount For MV52,Интернет вещей,Умные Камеры (MV),https://meraki.cisco.com/wp-content/uploads/2023/09/pole-mount-mv52-smart-cameras-product-tile.png,293.07,Крепление на столб для интеллектуальных камер MV третьего поколения,Meraki,Камеры
T-Rail adapter,Интернет вещей,Умные Камеры (MV),https://meraki.cisco.com/wp-content/uploads/2022/12/MA-MNT-MV-68.png,149.0,Адаптер T-rail для смарт-камер MV третьего поколения,Meraki,Камеры
USB-C To Ethernet Adapter,Интернет вещей,Умные Камеры (MV),https://meraki.cisco.com/wp-content/uploads/2023/09/usbc-to-ethernet-adapater-smart-cameras-product-tile.png,175.37,,Meraki,Камеры
Wall-Mount Bracket For MV22 Series,Интернет вещей,Умные Камеры (MV),https://meraki.cisco.com/wp-content/uploads/2023/09/wall-mount-bracket-for-MV22-smart-cameras-product-tile.png,293.07,Позволяет камерам серии MV22 быть направленными вниз при креплении к стене.,Meraki,Камеры
Catalyst 9300 C9300-24P-M,Доступ,Коммутаторы (MS),https://meraki.cisco.com/wp-content/uploads/2024/01/C9300-24P-M.jpg,6583.76,"24 порта 1G, медь, 30 Вт PoE; модульные возможности восходящей связи",Meraki,Коммутаторы
Catalyst 9300 C9300-24S-M,Доступ,Коммутаторы (MS),https://meraki.cisco.com/wp-content/uploads/2024/01/C9300-24S-1.png,21368.35,24-портовый 1G SFP-оптоволоконный; модульные возможности восходящей связи,Meraki,Коммутаторы
Catalyst 9300 C9300-24T-M,Доступ,Коммутаторы (MS),https://meraki.cisco.com/wp-content/uploads/2024/01/C9300-24T-M-1.png,5606.9,"24 порта 1G, медь, данные; модульные возможности восходящей связи",Meraki,Коммутаторы
Catalyst 9300 C9300-24U-M,Доступ,Коммутаторы (MS),https://meraki.cisco.com/wp-content/uploads/2024/01/C9300-24U-M.jpg,7192.79,"24 порта 1G, медь, 60 Вт PoE; модульные возможности восходящей связи",Meraki,Коммутаторы
Catalyst 9300 C9300-24UX-M,Доступ,Коммутаторы (MS),https://meraki.cisco.com/wp-content/uploads/2024/01/C9300-24UX-M-1.jpg,14952.39,"24 порта 10G mGig, медный, 60 Вт PoE; модульные возможности восходящей связи",Meraki,Коммутаторы
Catalyst 9300 C9300-48P-M,Доступ,Коммутаторы (MS),https://meraki.cisco.com/wp-content/uploads/2024/01/C9300-48P-1.png,11333.39,"48 портов 1G, медь, 30 Вт PoE; модульные возможности восходящей связи",Meraki,Коммутаторы
Catalyst 9300 C9300-48S-M,Доступ,Коммутаторы (MS),https://meraki.cisco.com/wp-content/uploads/2024/01/9300_48S.png,26297.38,48-портовый 1G SFP-оптоволоконный; модульные возможности восходящей связи,Meraki,Коммутаторы
Catalyst 9300 C9300-48T-M,Доступ,Коммутаторы (MS),https://meraki.cisco.com/wp-content/uploads/2024/01/C9300-48T.png,9415.85,"48-портовый 1G медный кабель, данные; модульные возможности восходящей связи",Meraki,Коммутаторы
Catalyst 9300 C9300-48U-M,Доступ,Коммутаторы (MS),https://meraki.cisco.com/wp-content/uploads/2024/01/C9300-48U-1.png,12550.44,"48 портов 1G медь, 60 Вт PoE; модульные возможности восходящей связи",Meraki,Коммутаторы
Catalyst 9300 C9300-48UN-M,Доступ,Коммутаторы (MS),https://meraki.cisco.com/wp-content/uploads/2024/01/C9300-48UN-1.png,15377.51,"48 портов 5G mGig медный, 60 Вт PoE; модульные возможности восходящей связи",Meraki,Коммутаторы
Catalyst 9300 C9300-48UXM-M,Доступ,Коммутаторы (MS),https://meraki.cisco.com/wp-content/uploads/2024/01/C9300-48UXM-1.png,14952.39,"36 портов 2.5G, 12 портов 10G mGig медь, 60 Вт PoE; модульные варианты восходящей связи",Meraki,Коммутаторы
Catalyst 9300 C9300L-24P-4X-M,Доступ,Коммутаторы (MS),https://meraki.cisco.com/wp-content/uploads/2024/01/C9300L-24P-4X.png,6780.03,"24 порта 1G медь, 30 Вт PoE; 4 порта 10G фиксированный восходящий канал",Meraki,Коммутаторы
Catalyst 9300 C9300L-24T-4X-M,Доступ,Коммутаторы (MS),https://meraki.cisco.com/wp-content/uploads/2024/01/C9300L-24T-4X-optimized.png,6219.08,"24 порта 1G медь, данные; 4 порта 10G фиксированный восходящий канал",Meraki,Коммутаторы
Catalyst 9300 C9300X-48TX-M,Доступ,Коммутаторы (MS),https://meraki.cisco.com/wp-content/uploads/2024/02/C9300X-48TX.png,14072.56,"48-портовый 10G mGig медный, данные; модульные возможности восходящей связи",Meraki,Коммутаторы
Catalyst 9300 C9300L-24UXG-4X-M,Доступ,Коммутаторы (MS),https://meraki.cisco.com/wp-content/uploads/2024/01/C9300L-24UXG-4X.png,9137.51,"16 портов 1G, 8 портов 10G mGig; 4 порта 10G фиксированного восходящего канала",Meraki,Коммутаторы
Catalyst 9300 C9300L-48P-4X-M,Доступ,Коммутаторы (MS),https://meraki.cisco.com/wp-content/uploads/2024/01/C9300L-48P-4X.png,9966.99,"48 портов 1G медь, 30 Вт PoE; 4 порта 10G фиксированный восходящий канал",Meraki,Коммутаторы
Catalyst 9300 C9300L-48PF-4X-M,Доступ,Коммутаторы (MS),https://meraki.cisco.com/wp-content/uploads/2024/01/C9300L-48PF-4X.png,11089.72,"48 портов 1G медь, полный PoE 30 Вт; 4 порта 10G фиксированный восходящий канал",Meraki,Коммутаторы
Catalyst 9300 C9300L-48T-4X-M,Доступ,Коммутаторы (MS),https://meraki.cisco.com/wp-content/uploads/2024/01/C9300L-48T-4X.png,8396.16,"48 портов 1G медь, данные; 4 порта 10G фиксированный восходящий канал",Meraki,Коммутаторы
Catalyst 9300 C9300L-48UXG-4X-M,Доступ,Коммутаторы (MS),https://meraki.cisco.com/wp-content/uploads/2024/01/C9300L-24UXG-4X.png,14569.11,"36 портов 1G, 12 портов 10G mGig; 4 порта 10G фиксированного восходящего канала",Meraki,Коммутаторы
Catalyst 9300 C9300X-12Y-M,Доступ,Коммутаторы (MS),https://meraki.cisco.com/wp-content/uploads/2024/01/C9300X-12Y.png,18172.88,12-портовый 25G SFP28 оптоволоконный; модульные варианты восходящей связи,Meraki,Коммутаторы
Catalyst 9300 C9300X-24HX-M,Доступ,Коммутаторы (MS),https://meraki.cisco.com/wp-content/uploads/2024/01/C9300X-24HX-1.png,13479.0,"24 порта 10G mGig, медный, 90 Вт PoE; модульные возможности восходящей связи",Meraki,Коммутаторы
Catalyst 9300 C9300X-24Y-M,Доступ,Коммутаторы (MS),https://meraki.cisco.com/wp-content/uploads/2024/01/hero-product-image-C9300X-24Y-min.png,26724.73,24 порта 25G SFP28; модульные возможности восходящей связи,Meraki,Коммутаторы
Catalyst 9300 C9300X-48HX-M,Доступ,Коммутаторы (MS),https://meraki.cisco.com/wp-content/uploads/2024/01/C9300X-48HX.png,15424.5,"48 портов 10G mGig медный, 90 Вт PoE; модульные возможности восходящей связи",Meraki,Коммутаторы
Catalyst 9300 C9300X-48HXN-M,Доступ,Коммутаторы (MS),https://meraki.cisco.com/wp-content/uploads/2024/01/C9300X-48HXN.png,14561.28,"40 портов 5G mGig, 8 портов 10G mGig медь, 90 Вт PoE; модульные варианты восходящей связи",Meraki,Коммутаторы
FAN-MS420-R,Доступ,Коммутаторы (MS),https://meraki.cisco.com/wp-content/uploads/2023/09/switching-ms-accessories-ms420-r.png,250.0,Вентилятор MS420 с направлением потока воздуха вперед-назад,Meraki,Коммутаторы
MA-MOD-4X10G,Доступ,Коммутаторы (MS),https://meraki.cisco.com/wp-content/uploads/2023/09/ma-mod-4x10g.png,1538.0,Модуль MS390 4x10GE,Meraki,Коммутаторы
MS130-12X,Доступ,Коммутаторы (MS),https://meraki.cisco.com/wp-content/uploads/2023/09/ms130-12-hero-product-tile.png,2750.0,Мощный коммутатор mGig в компактном форм-факторе с 12 портами,Meraki,Коммутаторы
MS130-24,Доступ,Коммутаторы (MS),https://meraki.cisco.com/wp-content/uploads/2023/09/newMS130-24.png,1860.0,"Полноразмерный коммутатор данных, 4 порта SFP",Meraki,Коммутаторы
MS130-24P,Доступ,Коммутаторы (MS),https://meraki.cisco.com/wp-content/uploads/2023/09/MS130-24.png,3002.19,"Полноразмерный коммутатор PoE+, 4 порта SFP",Meraki,Коммутаторы
MS130-24X,Доступ,Коммутаторы (MS),https://meraki.cisco.com/wp-content/uploads/2023/09/MS130-24.png,5513.2,"Мощный полноразмерный коммутатор mGig, 4 порта 10G SFP+",Meraki,Коммутаторы
MS130-48,Доступ,Коммутаторы (MS),https://meraki.cisco.com/wp-content/uploads/2023/09/ms130-48-hero-product-tile.png,3300.0,"Мощный, полноразмерный; 4 порта SFP",Meraki,Коммутаторы
MS130-48P,Доступ,Коммутаторы (MS),https://meraki.cisco.com/wp-content/uploads/2023/09/ms130-48-hero-product-tile.png,5350.0,Мощный полноразмерный коммутатор PoE+; 4 порта SFP,Meraki,Коммутаторы
MS130-48X,Доступ,Коммутаторы (MS),https://meraki.cisco.com/wp-content/uploads/2023/09/ms130-48-hero-product-tile.png,8200.0,Мощный полноразмерный коммутатор PoE+; 4 порта SFP,Meraki,Коммутаторы
MS130-8,Доступ,Коммутаторы (MS),https://meraki.cisco.com/wp-content/uploads/2023/09/MS130-8X.png,800.0,"Компактный и безвентиляторный, 2 порта SFP",Meraki,Коммутаторы
MS130-8P,Доступ,Коммутаторы (MS),https://meraki.cisco.com/wp-content/uploads/2023/09/ms130-8-hero-product-tile.png,1375.0,"Компактный и безвентиляторный, PoE+ 120 Вт, 2 порта SFP",Meraki,Коммутаторы
MS130-8X,Доступ,Коммутаторы (MS),https://meraki.cisco.com/wp-content/uploads/2023/09/ms130-8-hero-product-tile.png,2175.0,"Экономичный коммутатор mGig, 2 порта 10G SFP+",Meraki,Коммутаторы
MS130R,Доступ,Коммутаторы (MS),https://meraki.cisco.com/wp-content/uploads/2023/10/ms130-r-hero-product-tile-2.png,3499.0,Управляемый облаком защищенный коммутатор Meraki,Meraki,Коммутаторы
Advanced license,Доступ,Коммутаторы (MS),https://meraki.cisco.com/wp-content/uploads/2023/09/300ppi-advanced-license.png,0.0,Включает все возможности лицензии Enterprise с дополнительными расширенными функциями.,Meraki,Коммутаторы
Enterprise license,Доступ,Коммутаторы (MS),https://meraki.cisco.com/wp-content/uploads/2023/09/300ppi-enterprise-license.png,0.0,"Предоставляет облачный контроллер для легкой настройки, управления и устранения неполадок вашего устройства.",Meraki,Коммутаторы
MA-CBL-120G-1M,Доступ,Коммутаторы (MS),https://meraki.cisco.com/wp-content/uploads/2023/09/ma-sfp-cbl-120g-3m-switches-product-tile.png,296.0,"Кабель стека данных MS390 120G, 1 метр",Meraki,Коммутаторы
MA-CBL-SPWR-30CM,Доступ,Коммутаторы (MS),https://meraki.cisco.com/wp-content/uploads/2023/09/switching-ms-accessories-ma-cbl-spwr-30cm.png,131.0,"Кабель питания MS390 (только для США), 30 см",Meraki,Коммутаторы
MS120-24,Доступ,Коммутаторы (MS),https://meraki.cisco.com/wp-content/uploads/2023/09/ms120-24-switches-product-tile.png,2312.0,1G уровень 2 управляемый облаком 24x GigE коммутатор,Meraki,Коммутаторы
MS120-24P,Доступ,Коммутаторы (MS),https://meraki.cisco.com/wp-content/uploads/2023/09/300ppi-ms120-24p.png,3589.0,1G уровень 2 управляемый облаком 24x GigE 370W PoE коммутатор,Meraki,Коммутаторы
MS120-48,Доступ,Коммутаторы (MS),https://meraki.cisco.com/wp-content/uploads/2023/09/ms120-48-switches-product-tile.png,3602.0,1G облачный коммутатор 2-го уровня 48x GigE,Meraki,Коммутаторы
MS120-48FP,Доступ,Коммутаторы (MS),https://meraki.cisco.com/wp-content/uploads/2023/09/300ppi-ms120-48fp.png,6614.0,1G-коммутатор уровня 2 с облачным управлением 48x GigE 740 Вт PoE,Meraki,Коммутаторы
MS120-48LP,Доступ,Коммутаторы (MS),https://meraki.cisco.com/wp-content/uploads/2023/09/300ppi-ms120-48lp.png,4874.0,1G-коммутатор уровня 2 с облачным управлением 48x GigE 370 Вт PoE,Meraki,Коммутаторы
MS120-8,Доступ,Коммутаторы (MS),https://meraki.cisco.com/wp-content/uploads/2023/09/ms120-8-switches-product-tile-1.png,972.0,1G уровень 2 облачный управляемый коммутатор 8x GigE,Meraki,Коммутаторы
MS120-8FP,Доступ,Коммутаторы (MS),https://meraki.cisco.com/wp-content/uploads/2023/09/300ppi-ms120-8fp.png,1645.0,1G уровень 2 управляемый облаком 8x GigE 124W PoE коммутатор,Meraki,Коммутаторы
MS120-8LP,Доступ,Коммутаторы (MS),https://meraki.cisco.com/wp-content/uploads/2023/09/300ppi-ms120-8lp.png,1278.0,1G уровень 2 управляемый облаком 8x GigE 67W PoE коммутатор,Meraki,Коммутаторы
MS125-24,Доступ,Коммутаторы (MS),https://meraki.cisco.com/wp-content/uploads/2023/09/ms125-24-switches-product-tile-1.png,2816.0,10G 2-го уровня с облачным управлением 24x GigE-коммутатор,Meraki,Коммутаторы
MS125-24P,Доступ,Коммутаторы (MS),https://meraki.cisco.com/wp-content/uploads/2023/09/300ppi-ms125-24p.png,4608.0,10G облачный коммутатор 2-го уровня 24x GigE 370 Вт PoE,Meraki,Коммутаторы
MS125-48,Доступ,Коммутаторы (MS),https://meraki.cisco.com/wp-content/uploads/2023/09/ms125-48-switches-product-tile.png,4135.0,10G облачный коммутатор 2-го уровня 48x GigE,Meraki,Коммутаторы
MS125-48FP,Доступ,Коммутаторы (MS),https://meraki.cisco.com/wp-content/uploads/2023/09/300ppi-ms125-48fp.png,8020.0,10G облачный коммутатор 2-го уровня 48x GigE 740 Вт PoE,Meraki,Коммутаторы
MS125-48LP,Доступ,Коммутаторы (MS),https://meraki.cisco.com/wp-content/uploads/2023/09/300ppi-ms125-48lp.png,5430.0,10G облачный коммутатор 2-го уровня 48x GigE 370 Вт PoE,Meraki,Коммутаторы
MS210-24,Доступ,Коммутаторы (MS),https://meraki.cisco.com/wp-content/uploads/2023/09/ms210-24-switches-product-tile.png,4425.0,1G уровень 2 управляемый облаком 24x GigE коммутатор,Meraki,Коммутаторы
MS210-24P,Доступ,Коммутаторы (MS),https://meraki.cisco.com/wp-content/uploads/2023/09/300ppi-ms210-24p.png,5431.0,1G уровень 2 управляемый облаком 24x GigE 370W PoE коммутатор,Meraki,Коммутаторы
MS210-48,Доступ,Коммутаторы (MS),https://meraki.cisco.com/wp-content/uploads/2023/09/ms210-48-switches-product-tile.png,5826.0,1G облачный коммутатор 2-го уровня 48x GigE,Meraki,Коммутаторы
MS210-48FP,Доступ,Коммутаторы (MS),https://meraki.cisco.com/wp-content/uploads/2023/09/300ppi-ms210-48fp.png,9734.0,1G-коммутатор уровня 2 с облачным управлением 48x GigE 740 Вт PoE,Meraki,Коммутаторы
MS210-48LP,Доступ,Коммутаторы (MS),https://meraki.cisco.com/wp-content/uploads/2023/09/300ppi-ms210-48lp.png,7376.0,1G-коммутатор уровня 2 с облачным управлением 48x GigE 370 Вт PoE,Meraki,Коммутаторы
MS225-24,Доступ,Коммутаторы (MS),https://meraki.cisco.com/wp-content/uploads/2023/09/ms225-24-switches-product-tile.png,5536.0,Управляемый облаком коммутатор 24x GigE уровня 2 Stack,Meraki,Коммутаторы
MS225-24P,Доступ,Коммутаторы (MS),https://meraki.cisco.com/wp-content/uploads/2023/09/300ppi-ms225-24p.png,6447.0,Управляемый через облако коммутатор 24x GigE 370 Вт PoE уровня 2 Stack,Meraki,Коммутаторы
MS225-48,Доступ,Коммутаторы (MS),https://meraki.cisco.com/wp-content/uploads/2023/09/ms225-48-switches-product-tile.png,7577.0,Управляемый облаком коммутатор 48x GigE уровня 2 стека,Meraki,Коммутаторы
MS225-48FP,Доступ,Коммутаторы (MS),https://meraki.cisco.com/wp-content/uploads/2023/09/300ppi-ms225-48fp.png,10292.0,Управляемый через облако коммутатор 48x GigE 740 Вт PoE уровня 2 Stack,Meraki,Коммутаторы
MS225-48LP,Доступ,Коммутаторы (MS),https://meraki.cisco.com/wp-content/uploads/2023/09/300ppi-ms225-48lp.png,9162.0,Управляемый через облако коммутатор 48x GigE 370 Вт PoE уровня 2 Stack,Meraki,Коммутаторы
MS250-24,Доступ,Коммутаторы (MS),https://meraki.cisco.com/wp-content/uploads/2023/09/ms250-24-switches-product-tile.png,7914.0,L3 Stack 24x GigE-коммутатор с облачным управлением,Meraki,Коммутаторы
MS250-24P,Доступ,Коммутаторы (MS),https://meraki.cisco.com/wp-content/uploads/2023/09/300ppi-ms250-24p.png,8594.0,L3 Stack с облачным управлением 24x GigE 370W PoE-коммутатор,Meraki,Коммутаторы
MS250-48,Доступ,Коммутаторы (MS),https://meraki.cisco.com/wp-content/uploads/2023/09/ms250-48-switches-product-tile.png,11084.0,L3 Stack облачно-управляемый коммутатор 48x GigE,Meraki,Коммутаторы
MS250-48FP,Доступ,Коммутаторы (MS),https://meraki.cisco.com/wp-content/uploads/2023/09/300ppi-ms250-48fp.png,13805.0,L3 Stack с облачным управлением 48x GigE 740W PoE-коммутатор,Meraki,Коммутаторы
MS250-48LP,Доступ,Коммутаторы (MS),https://meraki.cisco.com/wp-content/uploads/2023/09/300ppi-ms250-48lp.png,12675.0,L3 Stack облачно-управляемый коммутатор 48x GigE 370 Вт PoE,Meraki,Коммутаторы
MS350-24,Доступ,Коммутаторы (MS),https://meraki.cisco.com/wp-content/uploads/2023/09/ms350-24-switches-product-tile.png,7518.0,L3 Stack 24x GigE-коммутатор с облачным управлением,Meraki,Коммутаторы
MS350-24P,Доступ,Коммутаторы (MS),https://meraki.cisco.com/wp-content/uploads/2023/09/300ppi-ms350-24p.png,8553.0,L3 Stack с облачным управлением 24x GigE 370W PoE-коммутатор,Meraki,Коммутаторы
MS350-24X,Доступ,Коммутаторы (MS),https://meraki.cisco.com/wp-content/uploads/2023/09/300ppi-ms350-24p.png,9931.0,Стек L3 с облачным управлением 24xGigE mGig U,Meraki,Коммутаторы
MS350-48,Доступ,Коммутаторы (MS),https://meraki.cisco.com/wp-content/uploads/2023/09/ms350-48-switches-product-tile.png,12184.0,L3 Stack облачно-управляемый коммутатор 48x GigE,Meraki,Коммутаторы
MS350-48FP,Доступ,Коммутаторы (MS),https://meraki.cisco.com/wp-content/uploads/2023/09/300ppi-ms350-48fp.png,15413.0,L3 Stack с облачным управлением 48x GigE 740W PoE-коммутатор,Meraki,Коммутаторы
MS350-48LP,Доступ,Коммутаторы (MS),https://meraki.cisco.com/wp-content/uploads/2023/09/300ppi-ms350-48lp.png,14130.0,L3 Stack облачно-управляемый коммутатор 48x GigE 370 Вт PoE,Meraki,Коммутаторы
MS355-24X2,Доступ,Коммутаторы (MS),https://meraki.cisco.com/wp-content/uploads/2023/09/300ppi-ms355-24x2-1.png,18418.0,Стек облачно-управляемый коммутатор 24xmG UPOE,Meraki,Коммутаторы
MS355-48X,Доступ,Коммутаторы (MS),https://meraki.cisco.com/wp-content/uploads/2023/09/300ppi-ms355-48x.png,22256.0,"Стек облачно-управляемый коммутатор 48GE, 16xmG UPOE",Meraki,Коммутаторы
MS390-24,Доступ,Коммутаторы (MS),https://meraki.cisco.com/wp-content/uploads/2023/09/ms390-24-switches-product-tile.png,6019.0,Коммутатор 24GE L3,Meraki,Коммутаторы
MS390-24P,Доступ,Коммутаторы (MS),https://meraki.cisco.com/wp-content/uploads/2023/09/300ppi-ms390-24p.png,7109.0,Коммутатор 24GE L3 POE+,Meraki,Коммутаторы
MS390-24U,Доступ,Коммутаторы (MS),https://meraki.cisco.com/wp-content/uploads/2023/09/300ppi-ms390-24u.png,7676.0,Коммутатор 24GE L3 UPOE,Meraki,Коммутаторы
MS390-24UX,Доступ,Коммутаторы (MS),https://meraki.cisco.com/wp-content/uploads/2023/09/300ppi-ms390-24ux.png,15601.0,24mGig L3 UPOE коммутатор,Meraki,Коммутаторы
MS390-48,Доступ,Коммутаторы (MS),https://meraki.cisco.com/wp-content/uploads/2023/09/ms390-48-switches-product-tile.png,10066.0,Коммутатор 48GE L3,Meraki,Коммутаторы
MS390-48P,Доступ,Коммутаторы (MS),https://meraki.cisco.com/wp-content/uploads/2023/09/300ppi-ms390-48p.png,12007.0,Коммутатор 48GE L3 POE+,Meraki,Коммутаторы
MS390-48U,Доступ,Коммутаторы (MS),https://meraki.cisco.com/wp-content/uploads/2023/09/300ppi-ms390-48u.png,13267.0,48GE L3 UPOE-коммутатор,Meraki,Коммутаторы
MS390-48UX,Доступ,Коммутаторы (MS),https://meraki.cisco.com/wp-content/uploads/2023/09/300ppi-ms390-48ux.png,15535.0,"48-портовый 12mGig, 36m2.5G L3 UPOE коммутатор",Meraki,Коммутаторы
MS390-48UX2,Доступ,Коммутаторы (MS),https://meraki.cisco.com/wp-content/uploads/2023/09/300ppi-ms390-48ux2.png,15005.0,48m5G L3 UPOE-коммутатор,Meraki,Коммутаторы
MS410-16,Доступ,Коммутаторы (MS),https://meraki.cisco.com/wp-content/uploads/2023/09/ms410-16-switches-product-tile.png,11262.0,Управляемый через облако коммутатор 16x GigE SFP,Meraki,Коммутаторы
MS410-32,Доступ,Коммутаторы (MS),https://meraki.cisco.com/wp-content/uploads/2023/09/ms410-32-switches-product-tile.png,19873.0,,Meraki,Коммутаторы
MS425-16,Доступ,Коммутаторы (MS),https://meraki.cisco.com/wp-content/uploads/2023/09/ms425-16-switches-product-tile.png,18548.0,Управляемый из облака коммутатор L3 16x 10G SFP+,Meraki,Коммутаторы
MS425-32,Доступ,Коммутаторы (MS),https://meraki.cisco.com/wp-content/uploads/2023/09/ms425-32-switches-product-tile.png,29147.0,Управляемый из облака коммутатор L3 32x 10G SFP+,Meraki,Коммутаторы
MS450-12,Доступ,Коммутаторы (MS),https://meraki.cisco.com/wp-content/uploads/2023/09/ms450-12-switches-product-tile-1.png,27426.0,Управляемый облаком коммутатор L3 Stack 12x40GE,Meraki,Коммутаторы
MA-ANT-23,Доступ,Беспроводная локальная сеть (MR),https://meraki.cisco.com/wp-content/uploads/2023/09/300ppi-ma-ant-27.png,413.0,"Секторная антенна 2,4 ГГц",Meraki,Точки доступа
MA-ANT-3-A1,Доступ,Беспроводная локальная сеть (MR),https://meraki.cisco.com/wp-content/uploads/2023/09/300ppi-ma-ant-3-a1.png,47.0,Внутренняя двухдиапазонная дипольная антенна,Meraki,Точки доступа
MA-ANT-3-A5,Доступ,Беспроводная локальная сеть (MR),https://meraki.cisco.com/wp-content/uploads/2023/09/300ppi-ma-ant-3-a5.png,200.0,"Внутренние двухдиапазонные дипольные антенны, упаковка из пяти штук для MR42E",Meraki,Точки доступа
MA-ANT-3-A6,Доступ,Беспроводная локальная сеть (MR),https://meraki.cisco.com/wp-content/uploads/2023/09/300ppi-ma-ant-3-a6.png,236.0,"Внутренние двухдиапазонные дипольные антенны, комплект из шести штук для MR46E/MR53E",Meraki,Точки доступа
MA-ANT-3-B5,Доступ,Беспроводная локальная сеть (MR),https://meraki.cisco.com/wp-content/uploads/2023/09/300ppi-ma-ant-3-b5.png,200.0,"Внутренние гибкие двухдиапазонные дипольные антенны, упаковка из пяти штук для MR42E",Meraki,Точки доступа
MA-ANT-3-B6,Доступ,Беспроводная локальная сеть (MR),https://meraki.cisco.com/wp-content/uploads/2023/09/300ppi-ma-ant-3-b6.png,236.0,"Внутренние гибкие двухдиапазонные дипольные антенны, комплект из шести штук MR46E/MR53E",Meraki,Точки доступа
MA-ANT-3-C6,Доступ,Беспроводная локальная сеть (MR),https://meraki.cisco.com/wp-content/uploads/2023/09/ma-ant-3-c5-wireless-lan-product-tile.png,591.0,"Внутренние двухдиапазонные панельные всенаправленные антенны, шесть портов для MR46E/MR53E",Meraki,Точки доступа
MA-ANT-3-D6,Доступ,Беспроводная локальная сеть (MR),https://meraki.cisco.com/wp-content/uploads/2023/09/ma-ant-3-d5-wireless-lan-product-tile.png,620.0,"Внутренние двухдиапазонные наклонные всенаправленные антенны, шесть портов для MR46E/MR53E",Meraki,Точки доступа
MA-ANT-3-E6,Доступ,Беспроводная локальная сеть (MR),https://meraki.cisco.com/wp-content/uploads/2023/09/ma-ant-3-f5-wireless-lan-product-tile-1.png,744.0,"Внутренние двухдиапазонные широкополосные антенны, шесть портов MR46E/MR53E",Meraki,Точки доступа
MA-ANT-3-F6,Доступ,Беспроводная локальная сеть (MR),https://meraki.cisco.com/wp-content/uploads/2023/09/ma-ant-3-f5-wireless-lan-product-tile-1.png,1738.0,"Внутренние двухдиапазонные узкие патч-антенны, шесть портов для MR46E/MR53E",Meraki,Точки доступа
MA-MNT-ANT-5,Доступ,Беспроводная локальная сеть (MR),https://meraki.cisco.com/wp-content/uploads/2023/09/300ppi-ma-mnt-ant-5.png,147.0,Удлинитель для всех антенн,Meraki,Точки доступа
POE-INJ-3-US,Доступ,Беспроводная локальная сеть (MR),https://meraki.cisco.com/wp-content/uploads/2023/09/300ppi-poe-inj-3-us.png,99.0,Инжектор PoE MR 802.3af,Meraki,Точки доступа
CW9162,Доступ,Беспроводная локальная сеть (MR),https://meraki.cisco.com/wp-content/uploads/2023/09/mr9162-access-points-product-tile.png,1245.0,Высокопроизводительная внутренняя точка доступа Wi-Fi 6E,Meraki,Точки доступа
CW9163E,Доступ,Беспроводная локальная сеть (MR),https://meraki.cisco.com/wp-content/uploads/2023/11/cw9163e-hero-product-tile-2.png,2995.0,Расширьте зону покрытия Wi-Fi 6E на открытом воздухе с помощью CW9163E.,Meraki,Точки доступа
CW9164,Доступ,Беспроводная локальная сеть (MR),https://meraki.cisco.com/wp-content/uploads/2023/09/mr9164-access-points-product-tile.png,2195.0,Высокопроизводительная внутренняя точка доступа Wi-Fi 6E,Meraki,Точки доступа
CW9166,Доступ,Беспроводная локальная сеть (MR),https://meraki.cisco.com/wp-content/uploads/2023/09/mr9166-access-points-product-tile.png,2495.0,Сверхвысокопроизводительная внутренняя точка доступа Wi-Fi 6E,Meraki,Точки доступа
CW9166D1,Доступ,Беспроводная локальная сеть (MR),https://meraki.cisco.com/wp-content/uploads/2023/09/cw9166d1-hero-product-tile.png,2808.98,"Интегрированная направленная антенна идеально подходит для складов, аудиторий и помещений с высокими потолками и длинными коридорами.",Meraki,Точки доступа
MA-MNT-ANT-2,Доступ,Беспроводная локальная сеть (MR),https://meraki.cisco.com/wp-content/uploads/2023/09/ma-mnt-ant-2-wireless-lan-product-tile.png,236.0,Длинный монтажный кронштейн для патч-антенн серий E и F,Meraki,Точки доступа
MA-MNT-ANT-4,Доступ,Беспроводная локальная сеть (MR),https://meraki.cisco.com/wp-content/uploads/2023/09/ma-mnt-ant-4-wireless-lan-product-tile.png,118.0,Вертикальный монтажный кронштейн для всенаправленной антенны серии C и D,Meraki,Точки доступа
MA-MNT-MR-10,Доступ,Беспроводная локальная сеть (MR),https://meraki.cisco.com/wp-content/uploads/2023/09/ma-mnt-mr-10-wireless-lan-product-tile.png,82.0,Сменный монтажный комплект для MR84,Meraki,Точки доступа
MA-MNT-MR-7,Доступ,Беспроводная локальная сеть (MR),https://meraki.cisco.com/wp-content/uploads/2023/09/ma-mnt-mr-7-wireless-lan-product-tile.png,82.0,Сменный монтажный комплект для MR74,Meraki,Точки доступа
MA-MNT-MR-8,Доступ,Беспроводная локальная сеть (MR),https://meraki.cisco.com/wp-content/uploads/2023/09/ma-mnt-mr-8-wireless-lan-product-tile.png,58.0,Сменный монтажный комплект для MR42/MR42E,Meraki,Точки доступа
MA-MNT-MR-9,Доступ,Беспроводная локальная сеть (MR),https://meraki.cisco.com/wp-content/uploads/2023/09/ma-mnt-mr-10-wireless-lan-product-tile-1.png,58.0,Сменный монтажный комплект для MR52/MR53/MR53E,Meraki,Точки доступа
MR28,Доступ,Беспроводная локальная сеть (MR),https://meraki.cisco.com/wp-content/uploads/2022/09/MR28-product-wireless-lan-tile.png,499.0,Управляемая облаком производительность Wi-Fi 6 для малого бизнеса и развертываний SOHO.,Meraki,Точки доступа
MR36,Доступ,Беспроводная локальная сеть (MR),https://meraki.cisco.com/wp-content/uploads/2023/09/mr36-wireless-lan-product-tiles.png,947.0,Две высокопроизводительные внутренние точки доступа Wi-Fi 6 с облачным управлением и соотношением сторон 2:2,Meraki,Точки доступа
MR36H,Доступ,Беспроводная локальная сеть (MR),https://meraki.cisco.com/wp-content/uploads/2023/09/mr36h-wireless-lan-product-tiles-1.png,860.0,"Высокопроизводительная точка доступа Wi-Fi 6 802.11ax, обслуживающая устройства с поддержкой IP",Meraki,Точки доступа
MR44,Доступ,Беспроводная локальная сеть (MR),https://meraki.cisco.com/wp-content/uploads/2023/09/mr44-wireless-lan-product-tiles.png,1538.0,Две 2:2 и четыре 4:4 высокопроизводительные внутренние точки доступа Wi-Fi 6 с облачным управлением,Meraki,Точки доступа
MR46,Доступ,Беспроводная локальная сеть (MR),https://meraki.cisco.com/wp-content/uploads/2023/09/mr46-wireless-lan-product-tiles.png,1887.0,Четыре внутренних точки доступа Wi-Fi 6 высокой плотности 4:4 с облачным управлением,Meraki,Точки доступа
MR46E,Доступ,Беспроводная локальная сеть (MR),https://meraki.cisco.com/wp-content/uploads/2023/09/mr46e-wireless-lan-product-tiles.png,1887.0,Четыре внутренних точки доступа Wi-Fi 6 высокой плотности 4:4 с разъемами для внешней антенны,Meraki,Точки доступа
MR56,Доступ,Беспроводная локальная сеть (MR),https://meraki.cisco.com/wp-content/uploads/2023/09/mr56-wireless-lan-product-tiles.png,2360.0,Восемь 8:8 сверхвысокопроизводительных внутренних точек доступа Wi-Fi 6 с облачным управлением,Meraki,Точки доступа
MR57,Доступ,Беспроводная локальная сеть (MR),https://meraki.cisco.com/wp-content/uploads/2023/09/mr9166-access-points-product-tile.png,2795.0,Сверхвысокопроизводительная внутренняя точка доступа Wi-Fi 6E,Meraki,Точки доступа
MR76,Доступ,Беспроводная локальная сеть (MR),https://meraki.cisco.com/wp-content/uploads/2023/09/mr76-wireless-lan-product-tiles.png,2082.0,2x2:2 высокопроизводительная внешняя точка доступа Wi-Fi 6 повышенной прочности,Meraki,Точки доступа
MR78,Доступ,Беспроводная локальная сеть (MR),https://meraki.cisco.com/wp-content/uploads/2022/09/MR78-wireless-lan-product-tile.png,1499.0,Высокопроизводительная наружная точка доступа Wi-Fi 6,Meraki,Точки доступа
MR86,Доступ,Беспроводная локальная сеть (MR),https://meraki.cisco.com/wp-content/uploads/2023/09/mr86-wireless-lan-product-tiles.png,2899.0,4x4:4 высокоплотная точка доступа Wi-Fi 6 повышенной прочности для наружного применения с облачным управлением,Meraki,Точки доступа
